{"cameraMode":{"drawMode":0,"name":"Shaded","section":"Shading Mode"},"sceneLighting":false,"audioPlay":false,"sceneViewState":{"m_AlwaysRefresh":false,"showFog":true,"showSkybox":false,"showFlares":true,"showImageEffects":true,"showParticleSystems":true,"showVisualEffectGraphs":true,"m_FxEnabled":true},"in2DMode":false,"pivot":{"x":-0.39855796098709109,"y":0.7697609066963196,"z":-0.9700758457183838},"rotation":{"x":0.2565840482711792,"y":0.013054361566901207,"z":-0.0034610331058502199,"w":0.9664371013641357},"size":4.8028669357299809,"orthographic":false}